Restaurant, Ratings, Price
Regina Pizza,4 star rating,$$
Florina Pizzeria & Paninoteca,4.5 star rating,$$
Figs by Todd English,4 star rating,$$
Upper Crust Pizzeria,3.5 star rating,$
Ernesto’s,4 star rating,$
Boston Kitchen Pizza,4 star rating,$
Lily’s Pizza,4.5 star rating,$
Galleria Umberto,4.5 star rating,$
Benevento’s,4 star rating,$$
Primo’s Pizza Restaurant,3.5 star rating,$
Regina Pizza,4 star rating,$$
Florina Pizzeria & Paninoteca,4.5 star rating,$$
Figs by Todd English,4 star rating,$$
Upper Crust Pizzeria,3.5 star rating,$
Ernesto’s,4 star rating,$
Boston Kitchen Pizza,4 star rating,$
Lily’s Pizza,4.5 star rating,$
Galleria Umberto,4.5 star rating,$
Benevento’s,4 star rating,$$
Primo’s Pizza Restaurant,3.5 star rating,$
Regina Pizza,4 star rating,$$
Florina Pizzeria & Paninoteca,4.5 star rating,$$
Figs by Todd English,4 star rating,$$
Upper Crust Pizzeria,3.5 star rating,$
Ernesto’s,4 star rating,$
Boston Kitchen Pizza,4 star rating,$
Lily’s Pizza,4.5 star rating,$
Galleria Umberto,4.5 star rating,$
Benevento’s,4 star rating,$$
Primo’s Pizza Restaurant,3.5 star rating,$
Regina Pizza,4 star rating,$$
Florina Pizzeria & Paninoteca,4.5 star rating,$$
Figs by Todd English,4 star rating,$$
Upper Crust Pizzeria,3.5 star rating,$
Ernesto’s,4 star rating,$
Boston Kitchen Pizza,4 star rating,$
Lily’s Pizza,4.5 star rating,$
Galleria Umberto,4.5 star rating,$
Benevento’s,4 star rating,$$
Primo’s Pizza Restaurant,3.5 star rating,$
Regina Pizza,4 star rating,$$
Florina Pizzeria & Paninoteca,4.5 star rating,$$
Figs by Todd English,4 star rating,$$
Upper Crust Pizzeria,3.5 star rating,$
Ernesto’s,4 star rating,$
Boston Kitchen Pizza,4 star rating,$
Lily’s Pizza,4.5 star rating,$
Galleria Umberto,4.5 star rating,$
Benevento’s,4 star rating,$$
Primo’s Pizza Restaurant,3.5 star rating,$
Regina Pizza,4 star rating,$$
Florina Pizzeria & Paninoteca,4.5 star rating,$$
Figs by Todd English,4 star rating,$$
Upper Crust Pizzeria,3.5 star rating,$
Ernesto’s,4 star rating,$
Boston Kitchen Pizza,4 star rating,$
Lily’s Pizza,4.5 star rating,$
Galleria Umberto,4.5 star rating,$
Benevento’s,4 star rating,$$
Primo’s Pizza Restaurant,3.5 star rating,$
Regina Pizza,4 star rating,$$
Florina Pizzeria & Paninoteca,4.5 star rating,$$
Figs by Todd English,4 star rating,$$
Upper Crust Pizzeria,3.5 star rating,$
Ernesto’s,4 star rating,$
Boston Kitchen Pizza,4 star rating,$
Lily’s Pizza,4.5 star rating,$
Galleria Umberto,4.5 star rating,$
Benevento’s,4 star rating,$$
Primo’s Pizza Restaurant,3.5 star rating,$
Regina Pizza,4 star rating,$$
Florina Pizzeria & Paninoteca,4.5 star rating,$$
Figs by Todd English,4 star rating,$$
Upper Crust Pizzeria,3.5 star rating,$
Ernesto’s,4 star rating,$
Boston Kitchen Pizza,4 star rating,$
Lily’s Pizza,4.5 star rating,$
Galleria Umberto,4.5 star rating,$
Benevento’s,4 star rating,$$
Primo’s Pizza Restaurant,3.5 star rating,$
Regina Pizza,4 star rating,$$
Florina Pizzeria & Paninoteca,4.5 star rating,$$
Figs by Todd English,4 star rating,$$
Upper Crust Pizzeria,3.5 star rating,$
Ernesto’s,4 star rating,$
Boston Kitchen Pizza,4 star rating,$
Lily’s Pizza,4.5 star rating,$
Galleria Umberto,4.5 star rating,$
Benevento’s,4 star rating,$$
Primo’s Pizza Restaurant,3.5 star rating,$